"Compiler","integer-returns","exception-throw","expected-error-value","expected-error-error","expected-excpt-value","expected-excpt-error"
"gcc62-noexcept",82.695040,,87.336760,91.748040,83.814320,105.442760
"gcc62",88.028080,36144.941960,83.419280,93.986600,84.143520,5233.588680
"gcc62-lto",97.377360,4125.435640,111.993840,98.364960,168.978360,4891.121920
"clang40",89.641160,35908.971400,84.110600,86.085800,82.563360,4665.652840
