"Compiler","integer-returns","exception-throw","result-error-value","result-error-error","result-excpt-value","result-excpt-error"
"msvc19-noexcept",94.096434,,89.305593,94.782396,94.205317,1195.575657
"msvc19",83.763464,16639.618355,93.356032,101.576675,99.290139,1246.445658
"msvc19-ltcg",100.368078,16770.963563,100.694727,94.379529,90.535969,1200.823805
