"Compiler","integer-returns","exception-throw","result-error-value","result-error-error","result-excpt-value","result-excpt-error","result-exper-value","result-exper-error"
"msvc1916-noexcept",101.840280,,130.262690,129.857850,109.720150,878.390900,95.226430,100.083460
"msvc1916",84.069930,23286.521470,108.842160,172.748290,169.007720,1088.492910,81.561240,86.384540
"msvc1916-ltcg",92.457910,23727.320940,88.352160,152.398800,92.102750,1205.165160,92.026020,92.419710
