"Compiler","integer-returns","exception-throw","result-error-value","result-error-error","result-excpt-value","result-excpt-error","result-exper-value","result-exper-error"
"msvc1916-noexcept",171.731730,,113.795440,300.198520,91.225800,1241.927450,93.290180,84.390710
"msvc1916",81.357220,27334.886300,145.758960,187.785870,155.173690,1179.547040,104.580610,87.790670
"msvc1916-ltcg",89.736330,25847.482610,532.238520,107.823750,183.532570,1595.235570,91.053710,94.683460
