"Compiler","integer-returns","exception-throw","result-error-value","result-error-error","result-excpt-value","result-excpt-error"
"gcc72-noexcept",87.501360,,94.677920,91.089640,92.176000,99.484240
"gcc72",87.896400,35030.172000,95.204640,90.299560,94.249960,298.814840
"gcc72-lto",101.426520,3801.832040,104.356400,96.620200,94.381640,298.617320
"clang50",100.899800,33278.301280,90.069120,90.464160,96.686040,308.098280
