"Compiler","integer-returns","exception-throw","result-error-value","result-error-error","result-excpt-value","result-excpt-error"
"gcc62-noexcept",82.695040,,90.957960,87.534280,100.373080,93.986600
"gcc62",83.188840,32838.292560,86.941720,84.110600,89.213200,3743.925760
"gcc62-lto",92.801480,3550.454920,97.937000,98.529560,93.525720,3755.776960
"clang40",85.888280,31827.220600,84.703160,84.308120,103.467560,293.679320
