"Compiler","integer-returns","exception-throw","result-error-value","result-error-error","result-excpt-value","result-excpt-error","result-exper-value","result-exper-error"
"gcc74-noexcept",82.424570,,81.678510,82.764660,98.672160,202.434260,88.502730,85.552740
"gcc74",82.707740,43545.583140,132.785690,85.397330,86.400290,481.477090,83.427460,86.688600
"gcc74-lto",91.374140,4605.814490,92.731120,91.785890,93.126190,305.276510,87.292520,89.312990
"clang80",80.194600,41319.487530,83.502340,93.954410,122.506200,388.193510,86.476020,83.911700
